seed,p_2Q(%),Degree,Sample Variance
140.0,0.006999999999999999,2,5196968.180320516
141.0,0.006999999999999999,2,5243641.885367631
142.0,0.006999999999999999,2,5260410.927752444
143.0,0.006999999999999999,2,5210269.524478671
144.0,0.006999999999999999,2,5317090.023065231
145.0,0.006999999999999999,2,5102728.449881473
146.0,0.006999999999999999,2,5256299.654456656
147.0,0.006999999999999999,2,5132491.122554435
148.0,0.006999999999999999,2,5200587.983321147
149.0,0.006999999999999999,2,5209757.719100098
150.0,0.006999999999999999,2,0.36791320312399284
290.0,0.006999999999999999,3,3859646.627924074
291.0,0.006999999999999999,3,4282085.689317621
292.0,0.006999999999999999,3,4536200.164683387
293.0,0.006999999999999999,3,4271178.652654279
294.0,0.006999999999999999,3,3958673.9355734293
295.0,0.006999999999999999,3,3815798.609414871
296.0,0.006999999999999999,3,3912180.7530061104
297.0,0.006999999999999999,3,3816281.9916499536
298.0,0.006999999999999999,3,4323138.886486931
299.0,0.006999999999999999,3,4030717.4626930743
300.0,0.006999999999999999,3,1.2324932269546458
440.0,0.006999999999999999,4,3829810.8052319535
441.0,0.006999999999999999,4,3865980.385216951
442.0,0.006999999999999999,4,3623937.5360870855
443.0,0.006999999999999999,4,3875412.013872782
444.0,0.006999999999999999,4,3871643.793709075
445.0,0.006999999999999999,4,3816543.906940088
446.0,0.006999999999999999,4,3912180.7530061104
447.0,0.006999999999999999,4,3816281.9916499536
448.0,0.006999999999999999,4,3878755.3350894097
449.0,0.006999999999999999,4,3884220.9475547043
450.0,0.006999999999999999,4,0.6360989703485793
590.0,0.006999999999999999,5,3175220.2209413457
591.0,0.006999999999999999,5,3224528.2642504284
592.0,0.006999999999999999,5,3261183.62952775
593.0,0.006999999999999999,5,3172276.4414484813
594.0,0.006999999999999999,5,3279565.900697015
595.0,0.006999999999999999,5,3139212.3106336202
596.0,0.006999999999999999,5,3241405.0046323305
597.0,0.006999999999999999,5,3147831.236068049
598.0,0.006999999999999999,5,3505010.1535871173
599.0,0.006999999999999999,5,3197379.1634863317
600.0,0.006999999999999999,5,1.9620028161745204
740.0,0.006999999999999999,6,3175220.2209413457
741.0,0.006999999999999999,6,3224528.2642504284
742.0,0.006999999999999999,6,3261183.62952775
743.0,0.006999999999999999,6,3172276.4414484813
744.0,0.006999999999999999,6,3279565.900697015
745.0,0.006999999999999999,6,3139212.3106336202
746.0,0.006999999999999999,6,3241405.0046323305
747.0,0.006999999999999999,6,3147831.236068049
748.0,0.006999999999999999,6,3193044.6639243746
749.0,0.006999999999999999,6,3199680.071217158
750.0,0.006999999999999999,6,1.9620028161745204
890.0,0.006999999999999999,7,3175220.2209413457
891.0,0.006999999999999999,7,3224528.2642504284
892.0,0.006999999999999999,7,3261183.62952775
893.0,0.006999999999999999,7,3172276.4414484813
894.0,0.006999999999999999,7,3279565.900697015
895.0,0.006999999999999999,7,3139212.3106336202
896.0,0.006999999999999999,7,3241405.0046323305
897.0,0.006999999999999999,7,3147831.236068049
898.0,0.006999999999999999,7,3193044.6639243746
899.0,0.006999999999999999,7,3199680.071217158
900.0,0.006999999999999999,7,1.9620028161745204
1040.0,0.006999999999999999,8,3175220.2209413457
1041.0,0.006999999999999999,8,3224528.2642504284
1042.0,0.006999999999999999,8,3261183.62952775
1043.0,0.006999999999999999,8,3172276.4414484813
1044.0,0.006999999999999999,8,3279565.900697015
1045.0,0.006999999999999999,8,3139212.3106336202
1046.0,0.006999999999999999,8,3241405.0046323305
1047.0,0.006999999999999999,8,3147831.236068049
1048.0,0.006999999999999999,8,3193044.6639243746
1049.0,0.006999999999999999,8,3199680.071217158
1050.0,0.006999999999999999,8,1.9620028161745204
1190.0,0.006999999999999999,9,3175220.2209413457
1191.0,0.006999999999999999,9,3224528.2642504284
1192.0,0.006999999999999999,9,3261183.62952775
1193.0,0.006999999999999999,9,3172276.4414484813
1194.0,0.006999999999999999,9,3279565.900697015
1195.0,0.006999999999999999,9,3139212.3106336202
1196.0,0.006999999999999999,9,3241405.0046323305
1197.0,0.006999999999999999,9,3147831.236068049
1198.0,0.006999999999999999,9,3193044.6639243746
1199.0,0.006999999999999999,9,3199680.071217158
1200.0,0.006999999999999999,9,1.9620028161745204
1340.0,0.006999999999999999,10,3175220.2209413457
1341.0,0.006999999999999999,10,3224528.2642504284
1342.0,0.006999999999999999,10,3261183.62952775
1343.0,0.006999999999999999,10,3172276.4414484813
1344.0,0.006999999999999999,10,3279565.900697015
1345.0,0.006999999999999999,10,3139212.3106336202
1346.0,0.006999999999999999,10,3241405.0046323305
1347.0,0.006999999999999999,10,3147831.236068049
1348.0,0.006999999999999999,10,3193044.6639243746
1349.0,0.006999999999999999,10,3199680.071217158
1350.0,0.006999999999999999,10,1.9620028161745204
1490.0,0.006999999999999999,11,2635195.7246382334
1491.0,0.006999999999999999,11,2682776.121867547
1492.0,0.006999999999999999,11,2686612.5401196266
1493.0,0.006999999999999999,11,2622352.6048920862
1494.0,0.006999999999999999,11,2723951.819788355
1495.0,0.006999999999999999,11,2591478.3248870536
1496.0,0.006999999999999999,11,2697059.9259670307
1497.0,0.006999999999999999,11,2618003.083089507
1498.0,0.006999999999999999,11,2642459.1956476294
1499.0,0.006999999999999999,11,2644383.0699705235
130.0,0.009726468460611966,2,5067447.854782466
131.0,0.009726468460611966,2,5123964.8795443615
132.0,0.009726468460611966,2,5127762.3401155695
133.0,0.009726468460611966,2,5064073.321286026
134.0,0.009726468460611966,2,5179744.205207496
135.0,0.009726468460611966,2,4984495.62879196
136.0,0.009726468460611966,2,5138561.108368981
137.0,0.009726468460611966,2,5003426.673697675
138.0,0.009726468460611966,2,5075314.930752834
139.0,0.009726468460611966,2,5077631.39846211
140.0,0.009726468460611966,2,0.36768665193742706
280.0,0.009726468460611966,3,4751820.114523322
281.0,0.009726468460611966,3,4851900.487280038
282.0,0.009726468460611966,3,4963226.437302791
283.0,0.009726468460611966,3,4746860.890878306
284.0,0.009726468460611966,3,4852802.339364251
285.0,0.009726468460611966,3,4645686.124141699
286.0,0.009726468460611966,3,4788170.012963038
287.0,0.009726468460611966,3,4671834.208756673
288.0,0.009726468460611966,3,4732876.269761093
289.0,0.009726468460611966,3,4762292.9056371525
290.0,0.009726468460611966,3,0.9209815453049308
430.0,0.009726468460611966,4,4378340.161510607
431.0,0.009726468460611966,4,4246937.69726858
432.0,0.009726468460611966,4,3910092.5037090476
433.0,0.009726468460611966,4,4165172.3939419077
434.0,0.009726468460611966,4,4194853.06329351
435.0,0.009726468460611966,4,4320413.403351396
436.0,0.009726468460611966,4,4755913.130874519
437.0,0.009726468460611966,4,4183534.1134728044
438.0,0.009726468460611966,4,4667403.986584047
439.0,0.009726468460611966,4,4801798.53109365
440.0,0.009726468460611966,4,0.6361420404615504
580.0,0.009726468460611966,5,3738829.7387152216
581.0,0.009726468460611966,5,3793023.455654451
582.0,0.009726468460611966,5,3792990.6456501433
583.0,0.009726468460611966,5,3746428.5361864707
584.0,0.009726468460611966,5,3824303.542572137
585.0,0.009726468460611966,5,3695789.94413026
586.0,0.009726468460611966,5,3801497.781681629
587.0,0.009726468460611966,5,3705910.289856852
588.0,0.009726468460611966,5,3726645.861733356
589.0,0.009726468460611966,5,3755665.730032972
590.0,0.009726468460611966,5,1.007359569486275
730.0,0.009726468460611966,6,3738829.7387152216
731.0,0.009726468460611966,6,3793023.455654451
732.0,0.009726468460611966,6,3792990.6456501433
733.0,0.009726468460611966,6,3746428.5361864707
734.0,0.009726468460611966,6,3824303.542572137
735.0,0.009726468460611966,6,3695789.94413026
736.0,0.009726468460611966,6,3801497.781681629
737.0,0.009726468460611966,6,3705910.289856852
738.0,0.009726468460611966,6,3765226.562542567
739.0,0.009726468460611966,6,3755126.2017698037
740.0,0.009726468460611966,6,1.007359569486275
880.0,0.009726468460611966,7,3738829.7387152216
881.0,0.009726468460611966,7,3793023.455654451
882.0,0.009726468460611966,7,3792990.6456501433
883.0,0.009726468460611966,7,3746428.5361864707
884.0,0.009726468460611966,7,3824303.542572137
885.0,0.009726468460611966,7,3695789.94413026
886.0,0.009726468460611966,7,3801497.781681629
887.0,0.009726468460611966,7,3705910.289856852
888.0,0.009726468460611966,7,3765226.562542567
889.0,0.009726468460611966,7,3755126.2017698037
890.0,0.009726468460611966,7,1.007359569486275
1030.0,0.009726468460611966,8,3738829.7387152216
1031.0,0.009726468460611966,8,3793023.455654451
1032.0,0.009726468460611966,8,3792990.6456501433
1033.0,0.009726468460611966,8,3746428.5361864707
1034.0,0.009726468460611966,8,3824303.542572137
1035.0,0.009726468460611966,8,3695789.94413026
1036.0,0.009726468460611966,8,3801497.781681629
1037.0,0.009726468460611966,8,3705910.289856852
1038.0,0.009726468460611966,8,3765226.562542567
1039.0,0.009726468460611966,8,3755126.2017698037
1040.0,0.009726468460611966,8,1.007359569486275
1180.0,0.009726468460611966,9,3738829.7387152216
1181.0,0.009726468460611966,9,3793023.455654451
1182.0,0.009726468460611966,9,3792990.6456501433
1183.0,0.009726468460611966,9,3746428.5361864707
1184.0,0.009726468460611966,9,3824303.542572137
1185.0,0.009726468460611966,9,3695789.94413026
1186.0,0.009726468460611966,9,3801497.781681629
1187.0,0.009726468460611966,9,3705910.289856852
1188.0,0.009726468460611966,9,3765226.562542567
1189.0,0.009726468460611966,9,3755126.2017698037
1190.0,0.009726468460611966,9,1.007359569486275
1330.0,0.009726468460611966,10,3738829.7387152216
1331.0,0.009726468460611966,10,3793023.455654451
1332.0,0.009726468460611966,10,3792990.6456501433
1333.0,0.009726468460611966,10,3746428.5361864707
1334.0,0.009726468460611966,10,3824303.542572137
1335.0,0.009726468460611966,10,3695789.94413026
1336.0,0.009726468460611966,10,3801497.781681629
1337.0,0.009726468460611966,10,3705910.289856852
1338.0,0.009726468460611966,10,3765226.562542567
1339.0,0.009726468460611966,10,3755126.2017698037
1340.0,0.009726468460611966,10,1.007359569486275
1480.0,0.009726468460611966,11,2635195.7246382334
1481.0,0.009726468460611966,11,2682776.121867547
1482.0,0.009726468460611966,11,2686612.5401196266
1483.0,0.009726468460611966,11,2622352.6048920862
1484.0,0.009726468460611966,11,2723951.819788355
1485.0,0.009726468460611966,11,2591478.3248870536
1486.0,0.009726468460611966,11,2697059.9259670307
1487.0,0.009726468460611966,11,2618003.083089507
1488.0,0.009726468460611966,11,2642459.1956476294
1489.0,0.009726468460611966,11,2639262.081159826
1490.0,0.009726468460611966,11,2.481670495261486
120.0,0.013514884102182755,2,4980585.828022558
121.0,0.013514884102182755,2,5034928.798955694
122.0,0.013514884102182755,2,5050573.072630288
123.0,0.013514884102182755,2,4974341.093259373
124.0,0.013514884102182755,2,5089213.906734716
125.0,0.013514884102182755,2,4908049.465484526
126.0,0.013514884102182755,2,5043212.278098006
127.0,0.013514884102182755,2,4924086.930979813
128.0,0.013514884102182755,2,4966600.580337404
129.0,0.013514884102182755,2,5004421.017359749
130.0,0.013514884102182755,2,0.6362799088021772
270.0,0.013514884102182755,3,4751820.114523322
271.0,0.013514884102182755,3,4872263.773314904
272.0,0.013514884102182755,3,4862930.861983644
273.0,0.013514884102182755,3,4544870.531527817
274.0,0.013514884102182755,3,4851164.415664618
275.0,0.013514884102182755,3,4645686.124141699
276.0,0.013514884102182755,3,4788170.012963038
277.0,0.013514884102182755,3,4671834.208756673
278.0,0.013514884102182755,3,4912396.190020547
279.0,0.013514884102182755,3,4711160.499723455
280.0,0.013514884102182755,3,0.5746686463626277
420.0,0.013514884102182755,4,4440615.409116477
421.0,0.013514884102182755,4,4289299.870477767
422.0,0.013514884102182755,4,4080654.632595502
423.0,0.013514884102182755,4,4164307.888651601
424.0,0.013514884102182755,4,4271380.888699343
425.0,0.013514884102182755,4,4324352.513636324
426.0,0.013514884102182755,4,4814802.388027167
427.0,0.013514884102182755,4,4182016.019187487
428.0,0.013514884102182755,4,4667403.986584047
429.0,0.013514884102182755,4,4863398.441416873
430.0,0.013514884102182755,4,0.36792430991452874
570.0,0.013514884102182755,5,3859646.627924074
571.0,0.013514884102182755,5,3918542.7490890627
572.0,0.013514884102182755,5,3924325.2762707085
573.0,0.013514884102182755,5,3852888.302677265
574.0,0.013514884102182755,5,3956869.7412185688
575.0,0.013514884102182755,5,3815798.609414871
576.0,0.013514884102182755,5,3912180.7530061104
577.0,0.013514884102182755,5,3816281.9916499536
578.0,0.013514884102182755,5,4031156.6039039926
579.0,0.013514884102182755,5,3873764.8429165357
580.0,0.013514884102182755,5,0.3676260458445772
720.0,0.013514884102182755,6,3859646.627924074
721.0,0.013514884102182755,6,3918542.7490890627
722.0,0.013514884102182755,6,3924325.2762707085
723.0,0.013514884102182755,6,3852888.302677265
724.0,0.013514884102182755,6,3956869.7412185688
725.0,0.013514884102182755,6,3815798.609414871
726.0,0.013514884102182755,6,3912180.7530061104
727.0,0.013514884102182755,6,3816281.9916499536
728.0,0.013514884102182755,6,3878755.3350894097
729.0,0.013514884102182755,6,3872218.7902344815
730.0,0.013514884102182755,6,0.3676260458445772
870.0,0.013514884102182755,7,3859646.627924074
871.0,0.013514884102182755,7,3918542.7490890627
872.0,0.013514884102182755,7,3924325.2762707085
873.0,0.013514884102182755,7,3852888.302677265
874.0,0.013514884102182755,7,3956869.7412185688
875.0,0.013514884102182755,7,3815798.609414871
876.0,0.013514884102182755,7,3912180.7530061104
877.0,0.013514884102182755,7,3816281.9916499536
878.0,0.013514884102182755,7,3878755.3350894097
879.0,0.013514884102182755,7,3872218.7902344815
880.0,0.013514884102182755,7,0.3676260458445772
1020.0,0.013514884102182755,8,3859646.627924074
1021.0,0.013514884102182755,8,3918542.7490890627
1022.0,0.013514884102182755,8,3924325.2762707085
1023.0,0.013514884102182755,8,3852888.302677265
1024.0,0.013514884102182755,8,3956869.7412185688
1025.0,0.013514884102182755,8,3815798.609414871
1026.0,0.013514884102182755,8,3912180.7530061104
1027.0,0.013514884102182755,8,3816281.9916499536
1028.0,0.013514884102182755,8,3878755.3350894097
1029.0,0.013514884102182755,8,3872218.7902344815
1030.0,0.013514884102182755,8,0.3676260458445772
1170.0,0.013514884102182755,9,3859646.627924074
1171.0,0.013514884102182755,9,3918542.7490890627
1172.0,0.013514884102182755,9,3924325.2762707085
1173.0,0.013514884102182755,9,3852888.302677265
1174.0,0.013514884102182755,9,3956869.7412185688
1175.0,0.013514884102182755,9,3815798.609414871
1176.0,0.013514884102182755,9,3912180.7530061104
1177.0,0.013514884102182755,9,3816281.9916499536
1178.0,0.013514884102182755,9,3878755.3350894097
1179.0,0.013514884102182755,9,3872218.7902344815
1180.0,0.013514884102182755,9,0.3676260458445772
1320.0,0.013514884102182755,10,3859646.627924074
1321.0,0.013514884102182755,10,3918542.7490890627
1322.0,0.013514884102182755,10,3924325.2762707085
1323.0,0.013514884102182755,10,3852888.302677265
1324.0,0.013514884102182755,10,3956869.7412185688
1325.0,0.013514884102182755,10,3815798.609414871
1326.0,0.013514884102182755,10,3912180.7530061104
1327.0,0.013514884102182755,10,3816281.9916499536
1328.0,0.013514884102182755,10,3878755.3350894097
1329.0,0.013514884102182755,10,3872218.7902344815
1330.0,0.013514884102182755,10,0.3676260458445772
1470.0,0.013514884102182755,11,2635195.7246382334
1471.0,0.013514884102182755,11,2682776.121867547
1472.0,0.013514884102182755,11,2686612.5401196266
1473.0,0.013514884102182755,11,2622352.6048920862
1474.0,0.013514884102182755,11,2723951.819788355
1475.0,0.013514884102182755,11,2591478.3248870536
1476.0,0.013514884102182755,11,2697059.9259670307
1477.0,0.013514884102182755,11,2618003.083089507
1478.0,0.013514884102182755,11,2642459.1956476294
1479.0,0.013514884102182755,11,2639262.081159826
1480.0,0.013514884102182755,11,2.481670495261486
110.0,0.01877887056695808,2,4952051.179565684
111.0,0.01877887056695808,2,5004327.863978287
112.0,0.01877887056695808,2,5025300.119903307
113.0,0.01877887056695808,2,4938920.415965089
114.0,0.01877887056695808,2,5054055.1516093705
115.0,0.01877887056695808,2,4884418.954686321
116.0,0.01877887056695808,2,5017527.945502161
117.0,0.01877887056695808,2,4904940.132884602
118.0,0.01877887056695808,2,4946888.635247828
119.0,0.01877887056695808,2,4978562.747168731
120.0,0.01877887056695808,2,0.36772297528016257
260.0,0.01877887056695808,3,5040326.0711187655
261.0,0.01877887056695808,3,5370708.540047614
262.0,0.01877887056695808,3,5217218.622858429
263.0,0.01877887056695808,3,5123903.832974891
264.0,0.01877887056695808,3,5215232.6665563015
265.0,0.01877887056695808,3,4976743.716206683
266.0,0.01877887056695808,3,5181543.192045163
267.0,0.01877887056695808,3,5029252.366955111
268.0,0.01877887056695808,3,5126901.669782008
269.0,0.01877887056695808,3,5346893.662991068
270.0,0.01877887056695808,3,0.6362764158701324
410.0,0.01877887056695808,4,4992210.615769239
411.0,0.01877887056695808,4,4857993.431124929
412.0,0.01877887056695808,4,4784979.1856862055
413.0,0.01877887056695808,4,5054431.955354762
414.0,0.01877887056695808,4,5198852.351822432
415.0,0.01877887056695808,4,4770102.866309261
416.0,0.01877887056695808,4,5085939.375088087
417.0,0.01877887056695808,4,4873718.402160377
418.0,0.01877887056695808,4,5063022.443211444
419.0,0.01877887056695808,4,4926132.399182069
420.0,0.01877887056695808,4,1.2208649392524427
560.0,0.01877887056695808,5,4751820.114523322
561.0,0.01877887056695808,5,4795190.510439097
562.0,0.01877887056695808,5,4822609.840750821
563.0,0.01877887056695808,5,4747361.302625955
564.0,0.01877887056695808,5,4852802.339364251
565.0,0.01877887056695808,5,4645686.124141699
566.0,0.01877887056695808,5,4788170.012963038
567.0,0.01877887056695808,5,4671834.208756673
568.0,0.01877887056695808,5,4830083.053695249
569.0,0.01877887056695808,5,4765533.561519462
570.0,0.01877887056695808,5,0.9209815453049308
710.0,0.01877887056695808,6,4751820.114523322
711.0,0.01877887056695808,6,4795190.510439097
712.0,0.01877887056695808,6,4822609.840750821
713.0,0.01877887056695808,6,4747361.302625955
714.0,0.01877887056695808,6,4852802.339364251
715.0,0.01877887056695808,6,4645686.124141699
716.0,0.01877887056695808,6,4788170.012963038
717.0,0.01877887056695808,6,4671834.208756673
718.0,0.01877887056695808,6,4732876.269761093
719.0,0.01877887056695808,6,4762292.9056371525
720.0,0.01877887056695808,6,0.9209815453049308
860.0,0.01877887056695808,7,4751820.114523322
861.0,0.01877887056695808,7,4795190.510439097
862.0,0.01877887056695808,7,4822609.840750821
863.0,0.01877887056695808,7,4747361.302625955
864.0,0.01877887056695808,7,4852802.339364251
865.0,0.01877887056695808,7,4645686.124141699
866.0,0.01877887056695808,7,4788170.012963038
867.0,0.01877887056695808,7,4671834.208756673
868.0,0.01877887056695808,7,4732876.269761093
869.0,0.01877887056695808,7,4762292.9056371525
870.0,0.01877887056695808,7,0.9209815453049308
1010.0,0.01877887056695808,8,4751820.114523322
1011.0,0.01877887056695808,8,4795190.510439097
1012.0,0.01877887056695808,8,4822609.840750821
1013.0,0.01877887056695808,8,4747361.302625955
1014.0,0.01877887056695808,8,4852802.339364251
1015.0,0.01877887056695808,8,4645686.124141699
1016.0,0.01877887056695808,8,4788170.012963038
1017.0,0.01877887056695808,8,4671834.208756673
1018.0,0.01877887056695808,8,4858220.729966301
1019.0,0.01877887056695808,8,4761515.384183989
1020.0,0.01877887056695808,8,0.9209815453049308
1160.0,0.01877887056695808,9,4751820.114523322
1161.0,0.01877887056695808,9,4795190.510439097
1162.0,0.01877887056695808,9,4822609.840750821
1163.0,0.01877887056695808,9,4735512.332225898
1164.0,0.01877887056695808,9,4851164.415664618
1165.0,0.01877887056695808,9,4645686.124141699
1166.0,0.01877887056695808,9,4779804.6664553
1167.0,0.01877887056695808,9,4612013.804408308
1168.0,0.01877887056695808,9,4732125.20988417
1169.0,0.01877887056695808,9,4712363.719035548
1170.0,0.01877887056695808,9,1.0215338528448292
1310.0,0.01877887056695808,10,4315816.617608001
1311.0,0.01877887056695808,10,4734676.758224085
1312.0,0.01877887056695808,10,4603144.272148276
1313.0,0.01877887056695808,10,4281385.719571273
1314.0,0.01877887056695808,10,4521818.806026203
1315.0,0.01877887056695808,10,4473130.953370047
1316.0,0.01877887056695808,10,4574675.710436244
1317.0,0.01877887056695808,10,4391796.584899569
1318.0,0.01877887056695808,10,4608352.934297391
1319.0,0.01877887056695808,10,4661965.026893381
1320.0,0.01877887056695808,10,1.6789138328613582
1460.0,0.01877887056695808,11,2818010.821952786
1461.0,0.01877887056695808,11,2886585.725801909
1462.0,0.01877887056695808,11,2889222.371206448
1463.0,0.01877887056695808,11,2819053.882997206
1464.0,0.01877887056695808,11,2933027.8082369054
1465.0,0.01877887056695808,11,2780145.4312777543
1466.0,0.01877887056695808,11,2889037.779846718
1467.0,0.01877887056695808,11,2791779.118470208
1468.0,0.01877887056695808,11,2852064.23328603
1469.0,0.01877887056695808,11,2846261.83999064
1470.0,0.01877887056695808,11,0.6362126131278515
100.0,0.02609315604220459,2,5367832.798901794
101.0,0.02609315604220459,2,5418377.980693507
102.0,0.02609315604220459,2,5469314.067715879
103.0,0.02609315604220459,2,5381431.324464282
104.0,0.02609315604220459,2,5483916.391320816
105.0,0.02609315604220459,2,5294648.097486503
106.0,0.02609315604220459,2,5442027.717701696
107.0,0.02609315604220459,2,5330926.808514128
108.0,0.02609315604220459,2,5376463.146767192
109.0,0.02609315604220459,2,5392720.633639812
110.0,0.02609315604220459,2,5.85972717838713
250.0,0.02609315604220459,3,5287136.599742305
251.0,0.02609315604220459,3,5312612.827468974
252.0,0.02609315604220459,3,5781120.278404389
253.0,0.02609315604220459,3,5171311.291559622
254.0,0.02609315604220459,3,5350872.469878958
255.0,0.02609315604220459,3,5005315.2831478575
256.0,0.02609315604220459,3,5419873.059535033
257.0,0.02609315604220459,3,5299507.651725729
258.0,0.02609315604220459,3,5195757.921618237
259.0,0.02609315604220459,3,5143921.987123563
260.0,0.02609315604220459,3,0.6362383457317844
400.0,0.02609315604220459,4,5091879.1136159245
401.0,0.02609315604220459,4,5425619.036595923
402.0,0.02609315604220459,4,5048734.206288106
403.0,0.02609315604220459,4,5320285.929204699
404.0,0.02609315604220459,4,5272902.638170543
405.0,0.02609315604220459,4,4959681.632136864
406.0,0.02609315604220459,4,5373344.529581779
407.0,0.02609315604220459,4,5083072.078430314
408.0,0.02609315604220459,4,5030503.964846444
409.0,0.02609315604220459,4,5059290.562918435
410.0,0.02609315604220459,4,0.6361146951572576
550.0,0.02609315604220459,5,5100929.712604243
551.0,0.02609315604220459,5,5156938.433084763
552.0,0.02609315604220459,5,5160179.3577155955
553.0,0.02609315604220459,5,5092970.773875614
554.0,0.02609315604220459,5,5215232.758735355
555.0,0.02609315604220459,5,5016921.115348213
556.0,0.02609315604220459,5,5172951.517293559
557.0,0.02609315604220459,5,5037133.955118535
558.0,0.02609315604220459,5,4902618.170727046
559.0,0.02609315604220459,5,5115009.489445346
560.0,0.02609315604220459,5,0.6362383457317844
700.0,0.02609315604220459,6,5100929.712604243
701.0,0.02609315604220459,6,5156938.433084763
702.0,0.02609315604220459,6,5160179.3577155955
703.0,0.02609315604220459,6,5092970.773875614
704.0,0.02609315604220459,6,5215232.758735355
705.0,0.02609315604220459,6,5016921.115348213
706.0,0.02609315604220459,6,5172951.517293559
707.0,0.02609315604220459,6,5037133.955118535
708.0,0.02609315604220459,6,5105503.447116599
709.0,0.02609315604220459,6,5115009.489445346
710.0,0.02609315604220459,6,0.6362383457317844
850.0,0.02609315604220459,7,5100929.712604243
851.0,0.02609315604220459,7,5156938.433084763
852.0,0.02609315604220459,7,5160179.3577155955
853.0,0.02609315604220459,7,5092970.773875614
854.0,0.02609315604220459,7,5205988.228259051
855.0,0.02609315604220459,7,5016921.206551528
856.0,0.02609315604220459,7,5172951.517293559
857.0,0.02609315604220459,7,5037133.955118535
858.0,0.02609315604220459,7,5105503.447116599
859.0,0.02609315604220459,7,5115009.489445346
860.0,0.02609315604220459,7,0.6362383457317844
1000.0,0.02609315604220459,8,5101496.415073917
1001.0,0.02609315604220459,8,5150893.735371524
1002.0,0.02609315604220459,8,5292528.125022389
1003.0,0.02609315604220459,8,5092970.773875614
1004.0,0.02609315604220459,8,5215232.758735355
1005.0,0.02609315604220459,8,4985414.486613806
1006.0,0.02609315604220459,8,5161796.289672944
1007.0,0.02609315604220459,8,5038613.456435389
1008.0,0.02609315604220459,8,5176138.490847742
1009.0,0.02609315604220459,8,5115009.489445346
1010.0,0.02609315604220459,8,0.6362383457317844
1150.0,0.02609315604220459,9,4977953.309752327
1151.0,0.02609315604220459,9,5129615.136906604
1152.0,0.02609315604220459,9,5235333.405171848
1153.0,0.02609315604220459,9,4886662.972537943
1154.0,0.02609315604220459,9,5125375.503178095
1155.0,0.02609315604220459,9,5006029.561069214
1156.0,0.02609315604220459,9,5203234.432355749
1157.0,0.02609315604220459,9,5039210.221371764
1158.0,0.02609315604220459,9,5128533.702352866
1159.0,0.02609315604220459,9,5170387.230346544
1160.0,0.02609315604220459,9,0.6362508083025014
1300.0,0.02609315604220459,10,4518959.007513146
1301.0,0.02609315604220459,10,4785765.064607631
1302.0,0.02609315604220459,10,4587973.8207345195
1303.0,0.02609315604220459,10,4650357.95946148
1304.0,0.02609315604220459,10,4862992.361965389
1305.0,0.02609315604220459,10,4465620.442161606
1306.0,0.02609315604220459,10,4853488.649590673
1307.0,0.02609315604220459,10,4426496.98461515
1308.0,0.02609315604220459,10,4853810.613831243
1309.0,0.02609315604220459,10,4836596.573327451
1310.0,0.02609315604220459,10,1.5503449135042948
1450.0,0.02609315604220459,11,3100548.3475282136
1451.0,0.02609315604220459,11,3155956.0252414388
1452.0,0.02609315604220459,11,3185231.2859608107
1453.0,0.02609315604220459,11,3093373.8460738612
1454.0,0.02609315604220459,11,3207669.443463832
1455.0,0.02609315604220459,11,3060536.1069701253
1456.0,0.02609315604220459,11,3169487.282229996
1457.0,0.02609315604220459,11,3078861.0762307034
1458.0,0.02609315604220459,11,3117935.2286784477
1459.0,0.02609315604220459,11,3122653.2909253747
1460.0,0.02609315604220459,11,0.36778929074986877
90.0,0.036256322754618486,2,5434489.934920576
91.0,0.036256322754618486,2,5475032.839376923
92.0,0.036256322754618486,2,5524891.985611422
93.0,0.036256322754618486,2,5431294.176702905
94.0,0.036256322754618486,2,5547549.588282587
95.0,0.036256322754618486,2,5351085.205578945
96.0,0.036256322754618486,2,5509793.490960203
97.0,0.036256322754618486,2,5382250.926382561
98.0,0.036256322754618486,2,5428672.4955403255
99.0,0.036256322754618486,2,5448016.68262593
100.0,0.036256322754618486,2,0.635936823937796
240.0,0.036256322754618486,3,5287136.599742305
241.0,0.036256322754618486,3,5294691.371203334
242.0,0.036256322754618486,3,5722618.68970983
243.0,0.036256322754618486,3,5242306.634842748
244.0,0.036256322754618486,3,5350374.209057685
245.0,0.036256322754618486,3,5005315.2831478575
246.0,0.036256322754618486,3,5419873.059535033
247.0,0.036256322754618486,3,5299507.651725729
248.0,0.036256322754618486,3,5186254.692595558
249.0,0.036256322754618486,3,5226812.857568257
250.0,0.036256322754618486,3,3.4934231471013604
390.0,0.036256322754618486,4,5091879.1136159245
391.0,0.036256322754618486,4,5425619.036595923
392.0,0.036256322754618486,4,5048734.206288106
393.0,0.036256322754618486,4,5320285.929204699
394.0,0.036256322754618486,4,5272902.638170543
395.0,0.036256322754618486,4,4959681.632136864
396.0,0.036256322754618486,4,5373344.529581779
397.0,0.036256322754618486,4,5083072.078430314
398.0,0.036256322754618486,4,5030503.964846444
399.0,0.036256322754618486,4,5059290.562918435
400.0,0.036256322754618486,4,0.6361146951572576
540.0,0.036256322754618486,5,5100929.712604243
541.0,0.036256322754618486,5,5156938.433084763
542.0,0.036256322754618486,5,5160179.3577155955
543.0,0.036256322754618486,5,5092970.773875614
544.0,0.036256322754618486,5,5215232.758735355
545.0,0.036256322754618486,5,5016921.115348213
546.0,0.036256322754618486,5,5172951.517293559
547.0,0.036256322754618486,5,5037133.955118535
548.0,0.036256322754618486,5,4902618.170727046
549.0,0.036256322754618486,5,5115009.489445346
550.0,0.036256322754618486,5,0.6362383457317844
690.0,0.036256322754618486,6,5100929.712604243
691.0,0.036256322754618486,6,5156938.433084763
692.0,0.036256322754618486,6,5160179.3577155955
693.0,0.036256322754618486,6,5092970.773875614
694.0,0.036256322754618486,6,5215232.758735355
695.0,0.036256322754618486,6,5016921.115348213
696.0,0.036256322754618486,6,5172951.517293559
697.0,0.036256322754618486,6,5037133.955118535
698.0,0.036256322754618486,6,5105503.447116599
699.0,0.036256322754618486,6,5115009.489445346
700.0,0.036256322754618486,6,0.6362383457317844
840.0,0.036256322754618486,7,5100929.712604243
841.0,0.036256322754618486,7,5156938.433084763
842.0,0.036256322754618486,7,5160179.3577155955
843.0,0.036256322754618486,7,5092970.773875614
844.0,0.036256322754618486,7,5205988.228259051
845.0,0.036256322754618486,7,5016921.206551528
846.0,0.036256322754618486,7,5172951.517293559
847.0,0.036256322754618486,7,5037133.955118535
848.0,0.036256322754618486,7,5105503.447116599
849.0,0.036256322754618486,7,5115009.489445346
850.0,0.036256322754618486,7,0.6362383457317844
990.0,0.036256322754618486,8,5101496.415073917
991.0,0.036256322754618486,8,5150893.735371524
992.0,0.036256322754618486,8,5292528.125022389
993.0,0.036256322754618486,8,5092970.773875614
994.0,0.036256322754618486,8,5215232.758735355
995.0,0.036256322754618486,8,4985414.486613806
996.0,0.036256322754618486,8,5161796.289672944
997.0,0.036256322754618486,8,5038613.456435389
998.0,0.036256322754618486,8,5176138.490847742
999.0,0.036256322754618486,8,5115009.489445346
1000.0,0.036256322754618486,8,0.6362383457317844
1140.0,0.036256322754618486,9,4977953.309752327
1141.0,0.036256322754618486,9,5129615.136906604
1142.0,0.036256322754618486,9,5235333.405171848
1143.0,0.036256322754618486,9,4886662.972537943
1144.0,0.036256322754618486,9,5125375.503178095
1145.0,0.036256322754618486,9,5006029.561069214
1146.0,0.036256322754618486,9,5203234.432355749
1147.0,0.036256322754618486,9,5039210.221371764
1148.0,0.036256322754618486,9,5128533.702352866
1149.0,0.036256322754618486,9,5170387.230346544
1150.0,0.036256322754618486,9,0.6362508083025014
1290.0,0.036256322754618486,10,4518959.007513146
1291.0,0.036256322754618486,10,4785765.064607631
1292.0,0.036256322754618486,10,4587973.8207345195
1293.0,0.036256322754618486,10,4650357.95946148
1294.0,0.036256322754618486,10,4862992.361965389
1295.0,0.036256322754618486,10,4465620.442161606
1296.0,0.036256322754618486,10,4853488.649590673
1297.0,0.036256322754618486,10,4426496.98461515
1298.0,0.036256322754618486,10,4853810.613831243
1299.0,0.036256322754618486,10,4836596.573327451
1300.0,0.036256322754618486,10,1.5503449135042948
1440.0,0.036256322754618486,11,3738829.7387152216
1441.0,0.036256322754618486,11,3793023.455654451
1442.0,0.036256322754618486,11,3792990.6456501433
1443.0,0.036256322754618486,11,3746428.5361864707
1444.0,0.036256322754618486,11,3824303.542572137
1445.0,0.036256322754618486,11,3695789.94413026
1446.0,0.036256322754618486,11,3801497.781681629
1447.0,0.036256322754618486,11,3705910.289856852
1448.0,0.036256322754618486,11,3765226.562542567
1449.0,0.036256322754618486,11,3755126.2017698037
1450.0,0.036256322754618486,11,1.007359569486275
80.0,0.05037799711008065,2,5815185.705573805
81.0,0.05037799711008065,2,5874640.421865089
82.0,0.05037799711008065,2,5903410.760055235
83.0,0.05037799711008065,2,5822511.587147412
84.0,0.05037799711008065,2,5944684.153952061
85.0,0.05037799711008065,2,5740610.110184406
86.0,0.05037799711008065,2,5888027.95958879
87.0,0.05037799711008065,2,5766863.497813751
88.0,0.05037799711008065,2,5825087.64271861
89.0,0.05037799711008065,2,5820166.495187219
90.0,0.05037799711008065,2,0.6362383457317844
230.0,0.05037799711008065,3,6103072.942198277
231.0,0.05037799711008065,3,6109185.258415464
232.0,0.05037799711008065,3,6242994.912684177
233.0,0.05037799711008065,3,5955333.011625224
234.0,0.05037799711008065,3,6320739.950841571
235.0,0.05037799711008065,3,5996729.081559294
236.0,0.05037799711008065,3,6104990.221915677
237.0,0.05037799711008065,3,5786552.498340323
238.0,0.05037799711008065,3,5960452.148052794
239.0,0.05037799711008065,3,6165881.467855567
240.0,0.05037799711008065,3,1.3074352725424283
380.0,0.05037799711008065,4,5492719.435892645
381.0,0.05037799711008065,4,5445815.74332995
382.0,0.05037799711008065,4,5360915.634263938
383.0,0.05037799711008065,4,5800903.489203594
384.0,0.05037799711008065,4,5688787.200853296
385.0,0.05037799711008065,4,5251646.498386656
386.0,0.05037799711008065,4,6401947.847620146
387.0,0.05037799711008065,4,6171750.0365429055
388.0,0.05037799711008065,4,6107601.279599847
389.0,0.05037799711008065,4,5328965.9595839055
390.0,0.05037799711008065,4,2.9529201637598548
530.0,0.05037799711008065,5,5248091.494222838
531.0,0.05037799711008065,5,5297011.650052742
532.0,0.05037799711008065,5,5353019.79468238
533.0,0.05037799711008065,5,5266799.402993873
534.0,0.05037799711008065,5,5372779.830446777
535.0,0.05037799711008065,5,5177181.464113816
536.0,0.05037799711008065,5,5329326.084520722
537.0,0.05037799711008065,5,5211180.33859439
538.0,0.05037799711008065,5,5264610.70525428
539.0,0.05037799711008065,5,5287033.403950237
540.0,0.05037799711008065,5,3.5803549207617626
680.0,0.05037799711008065,6,5248091.494222838
681.0,0.05037799711008065,6,5297011.650052742
682.0,0.05037799711008065,6,5353019.79468238
683.0,0.05037799711008065,6,5691508.821708295
684.0,0.05037799711008065,6,5367693.915143302
685.0,0.05037799711008065,6,5177181.464113816
686.0,0.05037799711008065,6,5329326.084520722
687.0,0.05037799711008065,6,5239212.173019373
688.0,0.05037799711008065,6,5259509.970299232
689.0,0.05037799711008065,6,5287033.403950237
690.0,0.05037799711008065,6,3.5803549207617626
830.0,0.05037799711008065,7,5189816.42770968
831.0,0.05037799711008065,7,5397376.009045233
832.0,0.05037799711008065,7,5422973.787691087
833.0,0.05037799711008065,7,5228211.087761633
834.0,0.05037799711008065,7,5365206.621286672
835.0,0.05037799711008065,7,5097403.421606118
836.0,0.05037799711008065,7,5274328.565134355
837.0,0.05037799711008065,7,5289960.837605508
838.0,0.05037799711008065,7,5287496.46554735
839.0,0.05037799711008065,7,5467860.92363729
840.0,0.05037799711008065,7,2.9510255966698566
980.0,0.05037799711008065,8,5150583.9139225595
981.0,0.05037799711008065,8,5080879.432093972
982.0,0.05037799711008065,8,5349600.730895265
983.0,0.05037799711008065,8,5578306.814405318
984.0,0.05037799711008065,8,5729772.566958058
985.0,0.05037799711008065,8,5289981.8466074215
986.0,0.05037799711008065,8,5319690.21029247
987.0,0.05037799711008065,8,5320648.37903934
988.0,0.05037799711008065,8,5377218.8596411
989.0,0.05037799711008065,8,5488379.873598276
990.0,0.05037799711008065,8,1.7575058059180848
1130.0,0.05037799711008065,9,5017471.611034983
1131.0,0.05037799711008065,9,5144236.434954681
1132.0,0.05037799711008065,9,5326436.552631881
1133.0,0.05037799711008065,9,5540121.914454675
1134.0,0.05037799711008065,9,4925080.262764402
1135.0,0.05037799711008065,9,4977250.409681954
1136.0,0.05037799711008065,9,5203836.131511766
1137.0,0.05037799711008065,9,5205587.3543390585
1138.0,0.05037799711008065,9,5186310.167126176
1139.0,0.05037799711008065,9,5423827.157124323
1140.0,0.05037799711008065,9,1.2208649392524427
1280.0,0.05037799711008065,10,4375700.168445034
1281.0,0.05037799711008065,10,4698973.236204492
1282.0,0.05037799711008065,10,4569848.453136974
1283.0,0.05037799711008065,10,4745030.5291195465
1284.0,0.05037799711008065,10,4708418.9795653075
1285.0,0.05037799711008065,10,4489274.103375096
1286.0,0.05037799711008065,10,4753324.009098362
1287.0,0.05037799711008065,10,4310912.681181511
1288.0,0.05037799711008065,10,4878119.066913029
1289.0,0.05037799711008065,10,4704427.353980626
1290.0,0.05037799711008065,10,3.2743495629406314
1430.0,0.05037799711008065,11,3859646.627924074
1431.0,0.05037799711008065,11,3918542.7490890627
1432.0,0.05037799711008065,11,3924325.2762707085
1433.0,0.05037799711008065,11,3852888.302677265
1434.0,0.05037799711008065,11,3956869.7412185688
1435.0,0.05037799711008065,11,3815798.609414871
1436.0,0.05037799711008065,11,3912180.7530061104
1437.0,0.05037799711008065,11,3816281.9916499536
1438.0,0.05037799711008065,11,3878755.3350894097
1439.0,0.05037799711008065,11,3872218.7902344815
1440.0,0.05037799711008065,11,0.3676260458445772
70.0,0.06999999999999999,2,5814608.349319272
71.0,0.06999999999999999,2,5873693.812352741
72.0,0.06999999999999999,2,5902794.350202388
73.0,0.06999999999999999,2,5822093.418802796
74.0,0.06999999999999999,2,5944627.083022581
75.0,0.06999999999999999,2,5739814.805516165
76.0,0.06999999999999999,2,5887119.95490021
77.0,0.06999999999999999,2,5766236.620062663
78.0,0.06999999999999999,2,5824250.682830111
79.0,0.06999999999999999,2,5819567.269363281
80.0,0.06999999999999999,2,0.6362383457317844
220.0,0.06999999999999999,3,6103072.942198277
221.0,0.06999999999999999,3,6109185.258415464
222.0,0.06999999999999999,3,6242994.912684177
223.0,0.06999999999999999,3,5955333.011625224
224.0,0.06999999999999999,3,6320739.950841571
225.0,0.06999999999999999,3,5996729.081559294
226.0,0.06999999999999999,3,6104990.221915677
227.0,0.06999999999999999,3,5786552.498340323
228.0,0.06999999999999999,3,5960452.148052794
229.0,0.06999999999999999,3,6165881.467855567
230.0,0.06999999999999999,3,1.3074352725424283
370.0,0.06999999999999999,4,5492719.435892645
371.0,0.06999999999999999,4,5445815.74332995
372.0,0.06999999999999999,4,5360915.634263938
373.0,0.06999999999999999,4,5800903.489203594
374.0,0.06999999999999999,4,5688787.200853296
375.0,0.06999999999999999,4,5251646.498386656
376.0,0.06999999999999999,4,6401947.847620146
377.0,0.06999999999999999,4,6171750.0365429055
378.0,0.06999999999999999,4,6107601.279599847
379.0,0.06999999999999999,4,5328965.9595839055
380.0,0.06999999999999999,4,2.9529201637598548
520.0,0.06999999999999999,5,5248091.494222838
521.0,0.06999999999999999,5,5297011.650052742
522.0,0.06999999999999999,5,5353019.79468238
523.0,0.06999999999999999,5,5266799.402993873
524.0,0.06999999999999999,5,5372779.830446777
525.0,0.06999999999999999,5,5177181.464113816
526.0,0.06999999999999999,5,5329326.084520722
527.0,0.06999999999999999,5,5211180.33859439
528.0,0.06999999999999999,5,5264610.70525428
529.0,0.06999999999999999,5,5287033.403950237
530.0,0.06999999999999999,5,3.5803549207617626
670.0,0.06999999999999999,6,5248091.494222838
671.0,0.06999999999999999,6,5297011.650052742
672.0,0.06999999999999999,6,5353019.79468238
673.0,0.06999999999999999,6,5691508.821708295
674.0,0.06999999999999999,6,5367693.915143302
675.0,0.06999999999999999,6,5177181.464113816
676.0,0.06999999999999999,6,5329326.084520722
677.0,0.06999999999999999,6,5239212.173019373
678.0,0.06999999999999999,6,5259509.970299232
679.0,0.06999999999999999,6,5287033.403950237
680.0,0.06999999999999999,6,3.5803549207617626
820.0,0.06999999999999999,7,5189816.42770968
821.0,0.06999999999999999,7,5397376.009045233
822.0,0.06999999999999999,7,5422973.787691087
823.0,0.06999999999999999,7,5228211.087761633
824.0,0.06999999999999999,7,5365206.621286672
825.0,0.06999999999999999,7,5097403.421606118
826.0,0.06999999999999999,7,5274328.565134355
827.0,0.06999999999999999,7,5289960.837605508
828.0,0.06999999999999999,7,5287496.46554735
829.0,0.06999999999999999,7,5467860.92363729
830.0,0.06999999999999999,7,2.9510255966698566
970.0,0.06999999999999999,8,5150583.9139225595
971.0,0.06999999999999999,8,5080879.432093972
972.0,0.06999999999999999,8,5349600.730895265
973.0,0.06999999999999999,8,5578306.814405318
974.0,0.06999999999999999,8,5729772.566958058
975.0,0.06999999999999999,8,5289981.8466074215
976.0,0.06999999999999999,8,5319690.21029247
977.0,0.06999999999999999,8,5320648.37903934
978.0,0.06999999999999999,8,5332786.12845984
979.0,0.06999999999999999,8,5486883.418193449
980.0,0.06999999999999999,8,1.7575058059180848
1120.0,0.06999999999999999,9,5012050.738119678
1121.0,0.06999999999999999,9,5159275.312207936
1122.0,0.06999999999999999,9,5326503.432998589
1123.0,0.06999999999999999,9,5540684.5511800395
1124.0,0.06999999999999999,9,4925080.262764402
1125.0,0.06999999999999999,9,4989177.978202004
1126.0,0.06999999999999999,9,5109127.497311706
1127.0,0.06999999999999999,9,5275982.805112707
1128.0,0.06999999999999999,9,5187278.027710562
1129.0,0.06999999999999999,9,5494137.227795965
1130.0,0.06999999999999999,9,0.36768665193742706
1270.0,0.06999999999999999,10,4779104.985660712
1271.0,0.06999999999999999,10,5106852.471625476
1272.0,0.06999999999999999,10,4733051.414610579
1273.0,0.06999999999999999,10,4889055.552939831
1274.0,0.06999999999999999,10,5009834.244844012
1275.0,0.06999999999999999,10,4803553.471464627
1276.0,0.06999999999999999,10,4973650.885555217
1277.0,0.06999999999999999,10,4689024.892797892
1278.0,0.06999999999999999,10,4963204.510326009
1279.0,0.06999999999999999,10,4755529.633582579
1280.0,0.06999999999999999,10,1.2884714407005826
1420.0,0.06999999999999999,11,4751820.114523322
1421.0,0.06999999999999999,11,4795190.510439097
1422.0,0.06999999999999999,11,4822609.840750821
1423.0,0.06999999999999999,11,4747361.302625955
1424.0,0.06999999999999999,11,4852802.339364251
1425.0,0.06999999999999999,11,4645686.124141699
1426.0,0.06999999999999999,11,4788170.012963038
1427.0,0.06999999999999999,11,4671834.208756673
1428.0,0.06999999999999999,11,4732876.269761093
1429.0,0.06999999999999999,11,4762292.9056371525
1430.0,0.06999999999999999,11,0.9209815453049308
60.0,0.09726468460611964,2,6442708.124204539
61.0,0.09726468460611964,2,6495106.958745097
62.0,0.09726468460611964,2,6535221.740553163
63.0,0.09726468460611964,2,6434061.178352804
64.0,0.09726468460611964,2,6560671.217315672
65.0,0.09726468460611964,2,6352665.588404153
66.0,0.09726468460611964,2,6524924.668230141
67.0,0.09726468460611964,2,6370451.005841379
68.0,0.09726468460611964,2,6439876.068634891
69.0,0.09726468460611964,2,6444188.400417439
70.0,0.09726468460611964,2,0.6362383457317844
210.0,0.09726468460611964,3,6472734.659808663
211.0,0.09726468460611964,3,6533809.705323639
212.0,0.09726468460611964,3,6468372.245819843
213.0,0.09726468460611964,3,6420495.684060091
214.0,0.09726468460611964,3,6603385.600591789
215.0,0.09726468460611964,3,6387724.6688881265
216.0,0.09726468460611964,3,6556373.698872902
217.0,0.09726468460611964,3,6413434.720139908
218.0,0.09726468460611964,3,6513370.973877585
219.0,0.09726468460611964,3,6497878.318677941
220.0,0.09726468460611964,3,0.6362383457317844
360.0,0.09726468460611964,4,6472734.659808663
361.0,0.09726468460611964,4,6542164.553710353
362.0,0.09726468460611964,4,6596001.227056955
363.0,0.09726468460611964,4,6450604.689331226
364.0,0.09726468460611964,4,6470909.188899226
365.0,0.09726468460611964,4,6217790.218855806
366.0,0.09726468460611964,4,6595437.432929693
367.0,0.09726468460611964,4,6398512.17176058
368.0,0.09726468460611964,4,6487182.114591609
369.0,0.09726468460611964,4,6459725.273885643
370.0,0.09726468460611964,4,2.9520816418940354
510.0,0.09726468460611964,5,6356204.294947618
511.0,0.09726468460611964,5,6538517.538362122
512.0,0.09726468460611964,5,6524725.256876271
513.0,0.09726468460611964,5,6017593.308339037
514.0,0.09726468460611964,5,6414625.305722404
515.0,0.09726468460611964,5,6274188.420427809
516.0,0.09726468460611964,5,6560876.616512167
517.0,0.09726468460611964,5,6385137.767283493
518.0,0.09726468460611964,5,6245481.664608739
519.0,0.09726468460611964,5,6451059.911094506
520.0,0.09726468460611964,5,0.6361146951572576
660.0,0.09726468460611964,6,5959757.723586219
661.0,0.09726468460611964,6,5609089.807841629
662.0,0.09726468460611964,6,6453827.5153864855
663.0,0.09726468460611964,6,6539745.198357939
664.0,0.09726468460611964,6,6588049.86655491
665.0,0.09726468460611964,6,6141476.444991441
666.0,0.09726468460611964,6,6556938.706998905
667.0,0.09726468460611964,6,6306856.250717014
668.0,0.09726468460611964,6,6221970.981040103
669.0,0.09726468460611964,6,6260278.610310427
670.0,0.09726468460611964,6,2.9510255966698566
810.0,0.09726468460611964,7,5904478.388209631
811.0,0.09726468460611964,7,6020273.110074062
812.0,0.09726468460611964,7,6312623.651361328
813.0,0.09726468460611964,7,6033014.527354744
814.0,0.09726468460611964,7,6056835.64358115
815.0,0.09726468460611964,7,5625348.741829129
816.0,0.09726468460611964,7,5915258.489409715
817.0,0.09726468460611964,7,5639951.736799053
818.0,0.09726468460611964,7,5948871.541430188
819.0,0.09726468460611964,7,5811617.681377251
820.0,0.09726468460611964,7,1.2454230268275066
960.0,0.09726468460611964,8,5979587.139880146
961.0,0.09726468460611964,8,5411492.397236855
962.0,0.09726468460611964,8,5783455.577953364
963.0,0.09726468460611964,8,5972554.707347379
964.0,0.09726468460611964,8,6079522.885519257
965.0,0.09726468460611964,8,6112637.598969671
966.0,0.09726468460611964,8,5930715.377051445
967.0,0.09726468460611964,8,5523009.539991785
968.0,0.09726468460611964,8,5672854.234216084
969.0,0.09726468460611964,8,6051260.335153355
970.0,0.09726468460611964,8,1.2207410395637768
1110.0,0.09726468460611964,9,5035517.69247656
1111.0,0.09726468460611964,9,5326027.733812786
1112.0,0.09726468460611964,9,5577215.291118226
1113.0,0.09726468460611964,9,5632284.71567573
1114.0,0.09726468460611964,9,5106198.504425948
1115.0,0.09726468460611964,9,5222605.955985032
1116.0,0.09726468460611964,9,5519881.03284509
1117.0,0.09726468460611964,9,5384823.630882019
1118.0,0.09726468460611964,9,5086192.73494079
1119.0,0.09726468460611964,9,5907632.748262736
1120.0,0.09726468460611964,9,9.126153652756232
1260.0,0.09726468460611964,10,4812920.667423075
1261.0,0.09726468460611964,10,5135445.338150391
1262.0,0.09726468460611964,10,4773523.756303729
1263.0,0.09726468460611964,10,4786187.51367688
1264.0,0.09726468460611964,10,5032914.520097362
1265.0,0.09726468460611964,10,4796194.614826734
1266.0,0.09726468460611964,10,4949111.639467657
1267.0,0.09726468460611964,10,4613941.826851075
1268.0,0.09726468460611964,10,4863396.4572451245
1269.0,0.09726468460611964,10,4761997.937633525
1270.0,0.09726468460611964,10,0.7427501038334563
1410.0,0.09726468460611964,11,4751820.114523322
1411.0,0.09726468460611964,11,4795190.510439097
1412.0,0.09726468460611964,11,4822609.840750821
1413.0,0.09726468460611964,11,4747361.302625955
1414.0,0.09726468460611964,11,4852802.339364251
1415.0,0.09726468460611964,11,4645686.124141699
1416.0,0.09726468460611964,11,4788170.012963038
1417.0,0.09726468460611964,11,4671834.208756673
1418.0,0.09726468460611964,11,4732876.269761093
1419.0,0.09726468460611964,11,4762292.9056371525
1420.0,0.09726468460611964,11,0.9209815453049308
50.0,0.13514884102182753,2,6308211.766648412
51.0,0.13514884102182753,2,6374566.235702148
52.0,0.13514884102182753,2,6416966.76547071
53.0,0.13514884102182753,2,6328064.101478615
54.0,0.13514884102182753,2,6449305.683475045
55.0,0.13514884102182753,2,6222068.441067271
56.0,0.13514884102182753,2,6402412.311558684
57.0,0.13514884102182753,2,6265890.371075169
58.0,0.13514884102182753,2,6322616.830094464
59.0,0.13514884102182753,2,6321571.7619497115
60.0,0.13514884102182753,2,1.3074352725424283
200.0,0.13514884102182753,3,6472734.659808663
201.0,0.13514884102182753,3,6541750.889129144
202.0,0.13514884102182753,3,6425711.956083186
203.0,0.13514884102182753,3,6450920.700162933
204.0,0.13514884102182753,3,6603385.800075893
205.0,0.13514884102182753,3,6387724.6688881265
206.0,0.13514884102182753,3,6556373.698872902
207.0,0.13514884102182753,3,6413434.720139908
208.0,0.13514884102182753,3,6514906.524251681
209.0,0.13514884102182753,3,6262420.488646045
210.0,0.13514884102182753,3,0.635936823937796
350.0,0.13514884102182753,4,6472734.659808663
351.0,0.13514884102182753,4,6542164.553710353
352.0,0.13514884102182753,4,6596001.227056955
353.0,0.13514884102182753,4,6450604.689331226
354.0,0.13514884102182753,4,6470909.188899226
355.0,0.13514884102182753,4,6217790.218855806
356.0,0.13514884102182753,4,6595437.432929693
357.0,0.13514884102182753,4,6398512.17176058
358.0,0.13514884102182753,4,6487182.114591609
359.0,0.13514884102182753,4,6459725.273885643
360.0,0.13514884102182753,4,2.9520816418940354
500.0,0.13514884102182753,5,6356204.294947618
501.0,0.13514884102182753,5,6538517.538362122
502.0,0.13514884102182753,5,6524725.256876271
503.0,0.13514884102182753,5,6017593.308339037
504.0,0.13514884102182753,5,6414625.305722404
505.0,0.13514884102182753,5,6274188.420427809
506.0,0.13514884102182753,5,6560876.616512167
507.0,0.13514884102182753,5,6385137.767283493
508.0,0.13514884102182753,5,6245481.664608739
509.0,0.13514884102182753,5,6451059.911094506
510.0,0.13514884102182753,5,0.6361146951572576
650.0,0.13514884102182753,6,5959757.723586219
651.0,0.13514884102182753,6,5609089.807841629
652.0,0.13514884102182753,6,6453827.5153864855
653.0,0.13514884102182753,6,6539745.198357939
654.0,0.13514884102182753,6,6588049.86655491
655.0,0.13514884102182753,6,6141476.444991441
656.0,0.13514884102182753,6,6556938.706998905
657.0,0.13514884102182753,6,6306856.250717014
658.0,0.13514884102182753,6,6221970.981040103
659.0,0.13514884102182753,6,6260278.610310427
660.0,0.13514884102182753,6,2.9510255966698566
800.0,0.13514884102182753,7,5904478.388209631
801.0,0.13514884102182753,7,6020273.110074062
802.0,0.13514884102182753,7,6312623.651361328
803.0,0.13514884102182753,7,6033014.527354744
804.0,0.13514884102182753,7,6057091.896003227
805.0,0.13514884102182753,7,5625348.741829129
806.0,0.13514884102182753,7,5915258.489409715
807.0,0.13514884102182753,7,5639951.736799053
808.0,0.13514884102182753,7,5948871.541430188
809.0,0.13514884102182753,7,5811617.681377251
810.0,0.13514884102182753,7,1.2454230268275066
950.0,0.13514884102182753,8,5989344.070613411
951.0,0.13514884102182753,8,5388637.8580791475
952.0,0.13514884102182753,8,5925580.524694057
953.0,0.13514884102182753,8,5982654.86913163
954.0,0.13514884102182753,8,6086354.02371257
955.0,0.13514884102182753,8,6074527.319614229
956.0,0.13514884102182753,8,5991006.889808605
957.0,0.13514884102182753,8,5524554.596863585
958.0,0.13514884102182753,8,5980435.693754104
959.0,0.13514884102182753,8,6054184.703837399
960.0,0.13514884102182753,8,1.2207410395637768
1100.0,0.13514884102182753,9,5418280.671076702
1101.0,0.13514884102182753,9,5442210.810130489
1102.0,0.13514884102182753,9,5757293.456484301
1103.0,0.13514884102182753,9,5707114.083628117
1104.0,0.13514884102182753,9,5306934.284800883
1105.0,0.13514884102182753,9,5390461.548626787
1106.0,0.13514884102182753,9,5583181.577515607
1107.0,0.13514884102182753,9,5713486.480930544
1108.0,0.13514884102182753,9,5304691.062460168
1109.0,0.13514884102182753,9,5943378.705524171
1110.0,0.13514884102182753,9,3.578405649042432
1250.0,0.13514884102182753,10,4944605.459256933
1251.0,0.13514884102182753,10,5585492.557560926
1252.0,0.13514884102182753,10,5280889.101858972
1253.0,0.13514884102182753,10,5317938.03172885
1254.0,0.13514884102182753,10,5219845.952271781
1255.0,0.13514884102182753,10,5074934.898171405
1256.0,0.13514884102182753,10,5070574.614458628
1257.0,0.13514884102182753,10,5239149.464454584
1258.0,0.13514884102182753,10,5338510.391127488
1259.0,0.13514884102182753,10,4979465.835162292
1260.0,0.13514884102182753,10,0.3676260458445772
1400.0,0.13514884102182753,11,5100929.712604243
1401.0,0.13514884102182753,11,5156938.433084763
1402.0,0.13514884102182753,11,5160179.3577155955
1403.0,0.13514884102182753,11,5092970.773875614
1404.0,0.13514884102182753,11,5215232.758735355
1405.0,0.13514884102182753,11,5016921.115348213
1406.0,0.13514884102182753,11,5172951.517293559
1407.0,0.13514884102182753,11,5037133.955118535
1408.0,0.13514884102182753,11,5105503.447116599
1409.0,0.13514884102182753,11,5115009.489445346
1410.0,0.13514884102182753,11,0.6362383457317844
40.0,0.1877887056695808,2,6654497.994872116
41.0,0.1877887056695808,2,6705605.115764041
42.0,0.1877887056695808,2,6743834.632102252
43.0,0.1877887056695808,2,6655869.464070089
44.0,0.1877887056695808,2,6794601.635876798
45.0,0.1877887056695808,2,6584689.897519181
46.0,0.1877887056695808,2,6766711.099463313
47.0,0.1877887056695808,2,6598858.141181155
48.0,0.1877887056695808,2,6685212.13566573
49.0,0.1877887056695808,2,6666992.817602839
50.0,0.1877887056695808,2,2.9526881429509735
190.0,0.1877887056695808,3,6573807.092868384
191.0,0.1877887056695808,3,6636433.942864102
192.0,0.1877887056695808,3,6507345.558805709
193.0,0.1877887056695808,3,6543835.251551133
194.0,0.1877887056695808,3,6888544.1651562955
195.0,0.1877887056695808,3,6306904.836077377
196.0,0.1877887056695808,3,6399104.440369926
197.0,0.1877887056695808,3,6398059.684216468
198.0,0.1877887056695808,3,6469590.323811281
199.0,0.1877887056695808,3,6617764.610439251
200.0,0.1877887056695808,3,0.6362696158763615
340.0,0.1877887056695808,4,6418026.197448901
341.0,0.1877887056695808,4,6395778.227522986
342.0,0.1877887056695808,4,6462352.564874695
343.0,0.1877887056695808,4,6301691.8953800015
344.0,0.1877887056695808,4,6485089.685938781
345.0,0.1877887056695808,4,6236391.311286707
346.0,0.1877887056695808,4,6718910.075199765
347.0,0.1877887056695808,4,6431818.044130049
348.0,0.1877887056695808,4,6563064.931167983
349.0,0.1877887056695808,4,6496740.2353813015
350.0,0.1877887056695808,4,0.6362383457317844
490.0,0.1877887056695808,5,6356204.294947618
491.0,0.1877887056695808,5,6538517.538362122
492.0,0.1877887056695808,5,6524725.256876271
493.0,0.1877887056695808,5,6250255.403725129
494.0,0.1877887056695808,5,6413023.438921583
495.0,0.1877887056695808,5,6274188.420427809
496.0,0.1877887056695808,5,6560876.616512167
497.0,0.1877887056695808,5,6385137.767283493
498.0,0.1877887056695808,5,6245481.664608739
499.0,0.1877887056695808,5,6451059.911094506
500.0,0.1877887056695808,5,0.6361146951572576
640.0,0.1877887056695808,6,5959757.723586219
641.0,0.1877887056695808,6,5609089.807841629
642.0,0.1877887056695808,6,6458288.358711584
643.0,0.1877887056695808,6,6397241.64464702
644.0,0.1877887056695808,6,6579702.78503296
645.0,0.1877887056695808,6,6145396.010235177
646.0,0.1877887056695808,6,6556938.706998905
647.0,0.1877887056695808,6,6327898.845915483
648.0,0.1877887056695808,6,6268336.689064844
649.0,0.1877887056695808,6,6274874.612023384
650.0,0.1877887056695808,6,3.5756012832857595
790.0,0.1877887056695808,7,6133972.581007198
791.0,0.1877887056695808,7,6029181.883853494
792.0,0.1877887056695808,7,6345399.45283491
793.0,0.1877887056695808,7,6129278.5007115975
794.0,0.1877887056695808,7,6181366.703295894
795.0,0.1877887056695808,7,6000215.68137934
796.0,0.1877887056695808,7,6051268.494861142
797.0,0.1877887056695808,7,6092613.597900114
798.0,0.1877887056695808,7,5968547.6230451185
799.0,0.1877887056695808,7,6141621.665397735
800.0,0.1877887056695808,7,5.85972717838713
940.0,0.1877887056695808,8,6260701.946498641
941.0,0.1877887056695808,8,5840032.885155453
942.0,0.1877887056695808,8,6123964.90669482
943.0,0.1877887056695808,8,6093459.223326992
944.0,0.1877887056695808,8,6017167.070708301
945.0,0.1877887056695808,8,6163083.645671368
946.0,0.1877887056695808,8,6199421.953479267
947.0,0.1877887056695808,8,5861303.5444291495
948.0,0.1877887056695808,8,6116817.253898551
949.0,0.1877887056695808,8,6283469.353881758
950.0,0.1877887056695808,8,1.3074352725424283
1090.0,0.1877887056695808,9,6092969.941618951
1091.0,0.1877887056695808,9,6195815.625509223
1092.0,0.1877887056695808,9,6257932.864721981
1093.0,0.1877887056695808,9,6339891.021521706
1094.0,0.1877887056695808,9,5608826.34507813
1095.0,0.1877887056695808,9,5803196.932400225
1096.0,0.1877887056695808,9,6315561.419923487
1097.0,0.1877887056695808,9,5590871.010553907
1098.0,0.1877887056695808,9,5559163.463679287
1099.0,0.1877887056695808,9,6122350.997800573
1100.0,0.1877887056695808,9,0.6362383457317844
1240.0,0.1877887056695808,10,5778960.305422776
1241.0,0.1877887056695808,10,5980412.403127526
1242.0,0.1877887056695808,10,5826650.393882503
1243.0,0.1877887056695808,10,5299694.265109189
1244.0,0.1877887056695808,10,5502110.742457605
1245.0,0.1877887056695808,10,5343199.799460478
1246.0,0.1877887056695808,10,5455455.096714242
1247.0,0.1877887056695808,10,5406335.732821287
1248.0,0.1877887056695808,10,5722023.515278351
1249.0,0.1877887056695808,10,5604078.949997305
1250.0,0.1877887056695808,10,0.635936823937796
1390.0,0.1877887056695808,11,5248091.494222838
1391.0,0.1877887056695808,11,5297011.650052742
1392.0,0.1877887056695808,11,5353019.79468238
1393.0,0.1877887056695808,11,5261607.701920266
1394.0,0.1877887056695808,11,5372777.450144828
1395.0,0.1877887056695808,11,5177181.464113816
1396.0,0.1877887056695808,11,5329326.084520722
1397.0,0.1877887056695808,11,5211180.33859439
1398.0,0.1877887056695808,11,5264610.70525428
1399.0,0.1877887056695808,11,5287033.403950237
1400.0,0.1877887056695808,11,3.5803549207617626
30.0,0.26093156042204585,2,6449145.544603626
31.0,0.26093156042204585,2,6490342.740592692
32.0,0.26093156042204585,2,6530797.915790507
33.0,0.26093156042204585,2,6445186.396870228
34.0,0.26093156042204585,2,6577742.028363645
35.0,0.26093156042204585,2,6362746.276489461
36.0,0.26093156042204585,2,6542164.004178602
37.0,0.26093156042204585,2,6419780.420481167
38.0,0.26093156042204585,2,6456054.323219756
39.0,0.26093156042204585,2,6449716.899398532
40.0,0.26093156042204585,2,0.635936823937796
180.0,0.26093156042204585,3,7238245.553310803
181.0,0.26093156042204585,3,6647318.108025573
182.0,0.26093156042204585,3,6647991.38504641
183.0,0.26093156042204585,3,6533863.610584411
184.0,0.26093156042204585,3,7390179.16316726
185.0,0.26093156042204585,3,8009344.77085802
186.0,0.26093156042204585,3,7030370.255130258
187.0,0.26093156042204585,3,6697822.618925306
188.0,0.26093156042204585,3,7306673.964038647
189.0,0.26093156042204585,3,7586101.451146942
190.0,0.26093156042204585,3,0.6362703511426815
330.0,0.26093156042204585,4,7171407.470972851
331.0,0.26093156042204585,4,7098125.427053833
332.0,0.26093156042204585,4,6989988.134576813
333.0,0.26093156042204585,4,6715237.539088123
334.0,0.26093156042204585,4,6764157.558019082
335.0,0.26093156042204585,4,6160242.4661054285
336.0,0.26093156042204585,4,7242721.848973922
337.0,0.26093156042204585,4,6494287.2986266045
338.0,0.26093156042204585,4,6700965.295616866
339.0,0.26093156042204585,4,6690759.2994649075
340.0,0.26093156042204585,4,5.8905404023406644
480.0,0.26093156042204585,5,6328673.76624808
481.0,0.26093156042204585,5,7439057.150637858
482.0,0.26093156042204585,5,6048824.06126347
483.0,0.26093156042204585,5,6267047.65902776
484.0,0.26093156042204585,5,6568385.5145012345
485.0,0.26093156042204585,5,6333558.210984315
486.0,0.26093156042204585,5,6984378.973388645
487.0,0.26093156042204585,5,6544776.409799134
488.0,0.26093156042204585,5,6224878.028307367
489.0,0.26093156042204585,5,7176373.150545565
490.0,0.26093156042204585,5,0.6362764158701324
630.0,0.26093156042204585,6,5916851.432876055
631.0,0.26093156042204585,6,5557127.380097873
632.0,0.26093156042204585,6,6427588.512523797
633.0,0.26093156042204585,6,6457023.7763388725
634.0,0.26093156042204585,6,6868333.218561879
635.0,0.26093156042204585,6,6270746.887797415
636.0,0.26093156042204585,6,7242462.648825018
637.0,0.26093156042204585,6,6867208.142180836
638.0,0.26093156042204585,6,6387450.392811886
639.0,0.26093156042204585,6,6314561.97431066
640.0,0.26093156042204585,6,0.5746481799252429
780.0,0.26093156042204585,7,6062693.989167428
781.0,0.26093156042204585,7,6293094.9741841955
782.0,0.26093156042204585,7,6305275.762798528
783.0,0.26093156042204585,7,6282503.21909971
784.0,0.26093156042204585,7,6436909.164626097
785.0,0.26093156042204585,7,5713030.867414008
786.0,0.26093156042204585,7,6077991.444210898
787.0,0.26093156042204585,7,5842417.246314545
788.0,0.26093156042204585,7,5895407.470227993
789.0,0.26093156042204585,7,5819923.485834525
790.0,0.26093156042204585,7,0.6362696158763615
930.0,0.26093156042204585,8,6316048.831325154
931.0,0.26093156042204585,8,5811254.671577673
932.0,0.26093156042204585,8,6124203.500639191
933.0,0.26093156042204585,8,5785166.434880634
934.0,0.26093156042204585,8,5837023.051223417
935.0,0.26093156042204585,8,6247151.508671285
936.0,0.26093156042204585,8,5993429.461074564
937.0,0.26093156042204585,8,5634996.342551266
938.0,0.26093156042204585,8,6366084.029963144
939.0,0.26093156042204585,8,5985574.510391779
940.0,0.26093156042204585,8,2.9510255966698566
1080.0,0.26093156042204585,9,5970331.102454165
1081.0,0.26093156042204585,9,6163935.252065164
1082.0,0.26093156042204585,9,6355650.457166529
1083.0,0.26093156042204585,9,6361191.108246308
1084.0,0.26093156042204585,9,5554410.406062021
1085.0,0.26093156042204585,9,5860246.472494908
1086.0,0.26093156042204585,9,6024708.8638068335
1087.0,0.26093156042204585,9,6021694.453145039
1088.0,0.26093156042204585,9,5566551.406881959
1089.0,0.26093156042204585,9,6314332.357250755
1090.0,0.26093156042204585,9,5.85972717838713
1230.0,0.26093156042204585,10,5698600.255622228
1231.0,0.26093156042204585,10,6053739.019649985
1232.0,0.26093156042204585,10,5605851.438212986
1233.0,0.26093156042204585,10,5628003.126026591
1234.0,0.26093156042204585,10,5405258.396344121
1235.0,0.26093156042204585,10,5199829.594601824
1236.0,0.26093156042204585,10,5764744.471863454
1237.0,0.26093156042204585,10,5340603.870875125
1238.0,0.26093156042204585,10,5619601.703613661
1239.0,0.26093156042204585,10,5558764.806377016
1240.0,0.26093156042204585,10,0.635936823937796
1380.0,0.26093156042204585,11,5248091.494222838
1381.0,0.26093156042204585,11,5297011.650052742
1382.0,0.26093156042204585,11,5353019.79468238
1383.0,0.26093156042204585,11,5261607.701920266
1384.0,0.26093156042204585,11,5372777.450144828
1385.0,0.26093156042204585,11,5177181.464113816
1386.0,0.26093156042204585,11,5329326.084520722
1387.0,0.26093156042204585,11,5211180.33859439
1388.0,0.26093156042204585,11,5264610.70525428
1389.0,0.26093156042204585,11,5287033.403950237
1390.0,0.26093156042204585,11,3.5803549207617626
20.0,0.36256322754618475,2,6449145.544603626
21.0,0.36256322754618475,2,6490342.740592692
22.0,0.36256322754618475,2,6530797.915790507
23.0,0.36256322754618475,2,6445186.396870228
24.0,0.36256322754618475,2,6577742.028363645
25.0,0.36256322754618475,2,6362746.276489461
26.0,0.36256322754618475,2,6542164.004178602
27.0,0.36256322754618475,2,6419780.420481167
28.0,0.36256322754618475,2,6456054.323219756
29.0,0.36256322754618475,2,6449716.899398532
30.0,0.36256322754618475,2,0.635936823937796
170.0,0.36256322754618475,3,7238245.553310803
171.0,0.36256322754618475,3,6609531.453836542
172.0,0.36256322754618475,3,6699942.993000027
173.0,0.36256322754618475,3,6681096.846303158
174.0,0.36256322754618475,3,7378860.88165644
175.0,0.36256322754618475,3,8110001.813303628
176.0,0.36256322754618475,3,7056059.085020058
177.0,0.36256322754618475,3,6697822.618925306
178.0,0.36256322754618475,3,7219777.049631817
179.0,0.36256322754618475,3,7586101.451146942
180.0,0.36256322754618475,3,0.6362703511426815
320.0,0.36256322754618475,4,7171407.470972851
321.0,0.36256322754618475,4,7106038.764260124
322.0,0.36256322754618475,4,7158183.181318522
323.0,0.36256322754618475,4,6772162.953132772
324.0,0.36256322754618475,4,7035103.885043551
325.0,0.36256322754618475,4,6358941.997851951
326.0,0.36256322754618475,4,7372790.353865235
327.0,0.36256322754618475,4,6547442.1059001805
328.0,0.36256322754618475,4,6826168.393374244
329.0,0.36256322754618475,4,6937329.747019961
330.0,0.36256322754618475,4,2.9520816418940354
470.0,0.36256322754618475,5,6556203.235001887
471.0,0.36256322754618475,5,7331423.679377879
472.0,0.36256322754618475,5,6349586.233934236
473.0,0.36256322754618475,5,6501155.896368876
474.0,0.36256322754618475,5,6640287.002768328
475.0,0.36256322754618475,5,6428459.227253631
476.0,0.36256322754618475,5,6986972.860638629
477.0,0.36256322754618475,5,6521551.810510507
478.0,0.36256322754618475,5,6633461.4021185925
479.0,0.36256322754618475,5,7290191.38440201
480.0,0.36256322754618475,5,0.6361146951572576
620.0,0.36256322754618475,6,6459356.085788102
621.0,0.36256322754618475,6,6649653.15376598
622.0,0.36256322754618475,6,6494427.985180635
623.0,0.36256322754618475,6,6544793.85671626
624.0,0.36256322754618475,6,7093806.769479543
625.0,0.36256322754618475,6,6599373.960946252
626.0,0.36256322754618475,6,7474344.843521171
627.0,0.36256322754618475,6,6907767.4559447365
628.0,0.36256322754618475,6,6667717.722271151
629.0,0.36256322754618475,6,6636416.073622417
630.0,0.36256322754618475,6,0.6362696158763615
770.0,0.36256322754618475,7,6490574.866999966
771.0,0.36256322754618475,7,6650090.650021114
772.0,0.36256322754618475,7,6682968.865931889
773.0,0.36256322754618475,7,6791257.283633218
774.0,0.36256322754618475,7,6824081.529232256
775.0,0.36256322754618475,7,6399064.608926217
776.0,0.36256322754618475,7,6534899.900735646
777.0,0.36256322754618475,7,6327343.552493277
778.0,0.36256322754618475,7,6224951.588037273
779.0,0.36256322754618475,7,6179955.353294096
780.0,0.36256322754618475,7,2.9526881429509735
920.0,0.36256322754618475,8,6540051.654575226
921.0,0.36256322754618475,8,6296483.610286938
922.0,0.36256322754618475,8,6751366.335378034
923.0,0.36256322754618475,8,6406094.584831201
924.0,0.36256322754618475,8,6436032.420217222
925.0,0.36256322754618475,8,6535675.229412011
926.0,0.36256322754618475,8,6702187.987084375
927.0,0.36256322754618475,8,6215730.058023076
928.0,0.36256322754618475,8,6640692.611571486
929.0,0.36256322754618475,8,6386755.213192223
930.0,0.36256322754618475,8,0.6362764158701324
1070.0,0.36256322754618475,9,6523212.997805332
1071.0,0.36256322754618475,9,6414308.625278505
1072.0,0.36256322754618475,9,6736428.988399508
1073.0,0.36256322754618475,9,6625964.228704722
1074.0,0.36256322754618475,9,6409458.427757289
1075.0,0.36256322754618475,9,6295361.673093577
1076.0,0.36256322754618475,9,6515858.114543307
1077.0,0.36256322754618475,9,6394259.04361153
1078.0,0.36256322754618475,9,6486062.146038457
1079.0,0.36256322754618475,9,6490882.88384633
1080.0,0.36256322754618475,9,1.3074352725424283
1220.0,0.36256322754618475,10,6464710.396558084
1221.0,0.36256322754618475,10,6696601.849127973
1222.0,0.36256322754618475,10,6750646.596283335
1223.0,0.36256322754618475,10,6397363.9149341285
1224.0,0.36256322754618475,10,6650687.789024294
1225.0,0.36256322754618475,10,6563037.126763152
1226.0,0.36256322754618475,10,6484910.201884398
1227.0,0.36256322754618475,10,6082224.81004144
1228.0,0.36256322754618475,10,6331315.094758643
1229.0,0.36256322754618475,10,6484070.886405493
1230.0,0.36256322754618475,10,0.6362696158763615
1370.0,0.36256322754618475,11,6472734.659808663
1371.0,0.36256322754618475,11,6533809.705323639
1372.0,0.36256322754618475,11,6575240.831402547
1373.0,0.36256322754618475,11,6473721.352072431
1374.0,0.36256322754618475,11,6601760.067234322
1375.0,0.36256322754618475,11,6387724.6688881265
1376.0,0.36256322754618475,11,6562163.081026922
1377.0,0.36256322754618475,11,6411750.256846844
1378.0,0.36256322754618475,11,6490497.836370026
1379.0,0.36256322754618475,11,6492303.745677012
1380.0,0.36256322754618475,11,0.6362383457317844
10.0,0.5037799711008064,2,6449145.544603626
11.0,0.5037799711008064,2,6490342.740592692
12.0,0.5037799711008064,2,6530797.915790507
13.0,0.5037799711008064,2,6445186.396870228
14.0,0.5037799711008064,2,6577742.028363645
15.0,0.5037799711008064,2,6362746.276489461
16.0,0.5037799711008064,2,6542164.004178602
17.0,0.5037799711008064,2,6419780.420481167
18.0,0.5037799711008064,2,6456054.323219756
19.0,0.5037799711008064,2,6449716.899398532
20.0,0.5037799711008064,2,0.635936823937796
160.0,0.5037799711008064,3,7238245.553310803
161.0,0.5037799711008064,3,6609531.453836542
162.0,0.5037799711008064,3,6699942.993000027
163.0,0.5037799711008064,3,6681096.846303158
164.0,0.5037799711008064,3,7378860.88165644
165.0,0.5037799711008064,3,8110001.813303628
166.0,0.5037799711008064,3,7056059.085020058
167.0,0.5037799711008064,3,6697822.618925306
168.0,0.5037799711008064,3,7219777.049631817
169.0,0.5037799711008064,3,7586101.451146942
170.0,0.5037799711008064,3,0.6362703511426815
310.0,0.5037799711008064,4,7171407.470972851
311.0,0.5037799711008064,4,7106038.764260124
312.0,0.5037799711008064,4,7158183.181318522
313.0,0.5037799711008064,4,6772162.953132772
314.0,0.5037799711008064,4,7035103.885043551
315.0,0.5037799711008064,4,6358941.997851951
316.0,0.5037799711008064,4,7372790.353865235
317.0,0.5037799711008064,4,6547442.1059001805
318.0,0.5037799711008064,4,6826168.393374244
319.0,0.5037799711008064,4,6937329.747019961
320.0,0.5037799711008064,4,2.9520816418940354
460.0,0.5037799711008064,5,6556203.235001887
461.0,0.5037799711008064,5,7331423.679377879
462.0,0.5037799711008064,5,6349586.233934236
463.0,0.5037799711008064,5,6501155.896368876
464.0,0.5037799711008064,5,6640287.002768328
465.0,0.5037799711008064,5,6428459.227253631
466.0,0.5037799711008064,5,6986972.860638629
467.0,0.5037799711008064,5,6521551.810510507
468.0,0.5037799711008064,5,6633461.4021185925
469.0,0.5037799711008064,5,7290191.38440201
470.0,0.5037799711008064,5,0.6361146951572576
610.0,0.5037799711008064,6,6459356.085788102
611.0,0.5037799711008064,6,6649653.15376598
612.0,0.5037799711008064,6,6494427.985180635
613.0,0.5037799711008064,6,6544793.85671626
614.0,0.5037799711008064,6,7093806.769479543
615.0,0.5037799711008064,6,6599373.960946252
616.0,0.5037799711008064,6,7474344.843521171
617.0,0.5037799711008064,6,6907767.4559447365
618.0,0.5037799711008064,6,6667717.722271151
619.0,0.5037799711008064,6,6636416.073622417
620.0,0.5037799711008064,6,0.6362696158763615
760.0,0.5037799711008064,7,6490574.866999966
761.0,0.5037799711008064,7,6650090.650021114
762.0,0.5037799711008064,7,6682968.865931889
763.0,0.5037799711008064,7,6791257.283633218
764.0,0.5037799711008064,7,6824081.529232256
765.0,0.5037799711008064,7,6399064.608926217
766.0,0.5037799711008064,7,6534899.900735646
767.0,0.5037799711008064,7,6327343.552493277
768.0,0.5037799711008064,7,6224951.588037273
769.0,0.5037799711008064,7,6179955.353294096
770.0,0.5037799711008064,7,2.9526881429509735
910.0,0.5037799711008064,8,6540051.654575226
911.0,0.5037799711008064,8,6296483.610286938
912.0,0.5037799711008064,8,6751366.335378034
913.0,0.5037799711008064,8,6406094.584831201
914.0,0.5037799711008064,8,6436032.420217222
915.0,0.5037799711008064,8,6535675.229412011
916.0,0.5037799711008064,8,6702187.987084375
917.0,0.5037799711008064,8,6215730.058023076
918.0,0.5037799711008064,8,6640692.611571486
919.0,0.5037799711008064,8,6386755.213192223
920.0,0.5037799711008064,8,0.6362764158701324
1060.0,0.5037799711008064,9,6523212.997805332
1061.0,0.5037799711008064,9,6414308.625278505
1062.0,0.5037799711008064,9,6736428.988399508
1063.0,0.5037799711008064,9,6625964.228704722
1064.0,0.5037799711008064,9,6409458.427757289
1065.0,0.5037799711008064,9,6295361.673093577
1066.0,0.5037799711008064,9,6515858.114543307
1067.0,0.5037799711008064,9,6394259.04361153
1068.0,0.5037799711008064,9,6486062.146038457
1069.0,0.5037799711008064,9,6490882.88384633
1070.0,0.5037799711008064,9,1.3074352725424283
1210.0,0.5037799711008064,10,6464710.396558084
1211.0,0.5037799711008064,10,6696601.849127973
1212.0,0.5037799711008064,10,6750646.596283335
1213.0,0.5037799711008064,10,6397363.9149341285
1214.0,0.5037799711008064,10,6650687.789024294
1215.0,0.5037799711008064,10,6563037.126763152
1216.0,0.5037799711008064,10,6484910.201884398
1217.0,0.5037799711008064,10,6082224.81004144
1218.0,0.5037799711008064,10,6331315.094758643
1219.0,0.5037799711008064,10,6484070.886405493
1220.0,0.5037799711008064,10,0.6362696158763615
1360.0,0.5037799711008064,11,6472734.659808663
1361.0,0.5037799711008064,11,6533809.705323639
1362.0,0.5037799711008064,11,6575240.831402547
1363.0,0.5037799711008064,11,6473721.352072431
1364.0,0.5037799711008064,11,6601760.067234322
1365.0,0.5037799711008064,11,6387724.6688881265
1366.0,0.5037799711008064,11,6562163.081026922
1367.0,0.5037799711008064,11,6411750.256846844
1368.0,0.5037799711008064,11,6490497.836370026
1369.0,0.5037799711008064,11,6492303.745677012
1370.0,0.5037799711008064,11,0.6362383457317844
0.0,0.7,2,6449145.544603626
1.0,0.7,2,6490342.740592692
2.0,0.7,2,6530797.915790507
3.0,0.7,2,6445186.396870228
4.0,0.7,2,6577742.028363645
5.0,0.7,2,6362746.276489461
6.0,0.7,2,6542164.004178602
7.0,0.7,2,6419780.420481167
8.0,0.7,2,6456054.323219756
9.0,0.7,2,6449716.899398532
10.0,0.7,2,0.635936823937796
150.0,0.7,3,7238245.553310803
151.0,0.7,3,6609531.453836542
152.0,0.7,3,6699942.993000027
153.0,0.7,3,6681096.846303158
154.0,0.7,3,7378860.88165644
155.0,0.7,3,8110001.813303628
156.0,0.7,3,7056059.085020058
157.0,0.7,3,6697822.618925306
158.0,0.7,3,7219777.049631817
159.0,0.7,3,7586101.451146942
160.0,0.7,3,0.6362703511426815
300.0,0.7,4,7171407.470972851
301.0,0.7,4,7106038.764260124
302.0,0.7,4,7158183.181318522
303.0,0.7,4,6772162.953132772
304.0,0.7,4,7035103.885043551
305.0,0.7,4,6358941.997851951
306.0,0.7,4,7372790.353865235
307.0,0.7,4,6547442.1059001805
308.0,0.7,4,6826168.393374244
309.0,0.7,4,6937329.747019961
310.0,0.7,4,2.9520816418940354
450.0,0.7,5,6556203.235001887
451.0,0.7,5,7331423.679377879
452.0,0.7,5,6349586.233934236
453.0,0.7,5,6501155.896368876
454.0,0.7,5,6640287.002768328
455.0,0.7,5,6428459.227253631
456.0,0.7,5,6986972.860638629
457.0,0.7,5,6521551.810510507
458.0,0.7,5,6633461.4021185925
459.0,0.7,5,7290191.38440201
460.0,0.7,5,0.6361146951572576
600.0,0.7,6,6459356.085788102
601.0,0.7,6,6649653.15376598
602.0,0.7,6,6494427.985180635
603.0,0.7,6,6544793.85671626
604.0,0.7,6,7093806.769479543
605.0,0.7,6,6599373.960946252
606.0,0.7,6,7474344.843521171
607.0,0.7,6,6907767.4559447365
608.0,0.7,6,6667717.722271151
609.0,0.7,6,6636416.073622417
610.0,0.7,6,0.6362696158763615
750.0,0.7,7,6490574.866999966
751.0,0.7,7,6650090.650021114
752.0,0.7,7,6682968.865931889
753.0,0.7,7,6791257.283633218
754.0,0.7,7,6824081.529232256
755.0,0.7,7,6399064.608926217
756.0,0.7,7,6534899.900735646
757.0,0.7,7,6327343.552493277
758.0,0.7,7,6224951.588037273
759.0,0.7,7,6179955.353294096
760.0,0.7,7,2.9526881429509735
900.0,0.7,8,6540051.654575226
901.0,0.7,8,6296483.610286938
902.0,0.7,8,6751366.335378034
903.0,0.7,8,6406094.584831201
904.0,0.7,8,6436032.420217222
905.0,0.7,8,6535675.229412011
906.0,0.7,8,6702187.987084375
907.0,0.7,8,6215730.058023076
908.0,0.7,8,6640692.611571486
909.0,0.7,8,6386755.213192223
910.0,0.7,8,0.6362764158701324
1050.0,0.7,9,6523212.997805332
1051.0,0.7,9,6414308.625278505
1052.0,0.7,9,6736428.988399508
1053.0,0.7,9,6625964.228704722
1054.0,0.7,9,6409458.427757289
1055.0,0.7,9,6295361.673093577
1056.0,0.7,9,6515858.114543307
1057.0,0.7,9,6394259.04361153
1058.0,0.7,9,6486062.146038457
1059.0,0.7,9,6490882.88384633
1060.0,0.7,9,1.3074352725424283
1200.0,0.7,10,6464710.396558084
1201.0,0.7,10,6696601.849127973
1202.0,0.7,10,6750646.596283335
1203.0,0.7,10,6397363.9149341285
1204.0,0.7,10,6650687.789024294
1205.0,0.7,10,6563037.126763152
1206.0,0.7,10,6484910.201884398
1207.0,0.7,10,6082224.81004144
1208.0,0.7,10,6331315.094758643
1209.0,0.7,10,6484070.886405493
1210.0,0.7,10,0.6362696158763615
1350.0,0.7,11,6472734.659808663
1351.0,0.7,11,6533809.705323639
1352.0,0.7,11,6575240.831402547
1353.0,0.7,11,6473721.352072431
1354.0,0.7,11,6601760.067234322
1355.0,0.7,11,6387724.6688881265
1356.0,0.7,11,6562163.081026922
1357.0,0.7,11,6411750.256846844
1358.0,0.7,11,6490497.836370026
1359.0,0.7,11,6492303.745677012
1360.0,0.7,11,0.6362383457317844
